<?xml version="1.0" encoding="UTF-8"?>
<project-private xmlns="http://www.netbeans.org/ns/project-private/1">
    <editor-bookmarks xmlns="http://www.netbeans.org/ns/editor-bookmarks/2" lastBookmarkId="0"/>
    <open-files xmlns="http://www.netbeans.org/ns/projectui-open-files/2">
        <group>
            <file>file:/C:/Users/feiyeyuji/Documents/NetBeansProjects/assgn2/AJAssignment02/src/view2/Vw_step02Ass02Controller.java</file>
            <file>file:/C:/Users/feiyeyuji/Documents/NetBeansProjects/assgn2/AJAssignment02/src/model/Vehicle.java</file>
            <file>file:/C:/Users/feiyeyuji/Documents/NetBeansProjects/assgn2/AJAssignment02/src/view2/VwCityJavaFxDemo.java</file>
            <file>file:/C:/Users/feiyeyuji/Documents/NetBeansProjects/assgn2/AJAssignment02/src/model/MdVehicleAction.java</file>
            <file>file:/C:/Users/feiyeyuji/Documents/NetBeansProjects/assgn2/AJAssignment02/src/model/MdTimer.java</file>
        </group>
    </open-files>
</project-private>
